FunctionType, TotalTime, SecurityParam, Iteration
genECert,289.198109,160,0
genECert,239.44515,160,1
genECert,243.041745,160,2
genECert,235.095556,160,3
genECert,254.454788,160,4
genECert,227.264227,160,5
genECert,243.70675,160,6
genECert,203.912173,160,7
genECert,211.461539,160,8
genECert,217.055244,160,9
genECert,235.135807,160,10
genECert,211.145217,160,11
genECert,201.91736,160,12
genECert,207.826089,160,13
genECert,209.899608,160,14
genECert,208.363446,160,15
genECert,201.621015,160,16
genECert,205.843262,160,17
genECert,208.248085,160,18
genECert,210.588383,160,19
genECert,192.39985,160,20
genECert,211.98731,160,21
genECert,206.793126,160,22
genECert,214.857474,160,23
genECert,212.33759,160,24
genECert,200.082057,160,25
genECert,236.708026,160,26
genECert,223.165632,160,27
genECert,209.046329,160,28
genECert,189.612186,160,29
genECert,204.821185,160,30
genECert,210.493197,160,31
genECert,194.855012,160,32
genECert,192.422223,160,33
genECert,203.503163,160,34
genECert,213.408209,160,35
genECert,232.85174,160,36
genECert,218.461561,160,37
genECert,203.323677,160,38
genECert,210.144514,160,39
genECert,199.438827,160,40
genECert,219.016797,160,41
genECert,208.141811,160,42
genECert,199.831756,160,43
genECert,200.990769,160,44
genECert,211.963338,160,45
genECert,195.880285,160,46
genECert,216.544057,160,47
genECert,205.958125,160,48
genECert,202.489076,160,49
genECert,216.007498,160,50
genECert,198.32506,160,51
genECert,208.383023,160,52
genECert,198.580653,160,53
genECert,209.368344,160,54
genECert,192.263613,160,55
genECert,204.655384,160,56
genECert,182.521472,160,57
genECert,207.893508,160,58
genECert,212.386332,160,59
genECert,211.041741,160,60
genECert,214.438776,160,61
genECert,185.54805,160,62
genECert,197.665849,160,63
genECert,206.024645,160,64
genECert,195.820756,160,65
genECert,202.757419,160,66
genECert,214.416823,160,67
genECert,204.598867,160,68
genECert,195.956604,160,69
genECert,221.70111,160,70
genECert,194.98167,160,71
genECert,218.412943,160,72
genECert,216.730055,160,73
genECert,202.092165,160,74
genECert,209.162645,160,75
genECert,217.885365,160,76
genECert,1192.228998,160,77
genECert,214.121465,160,78
genECert,209.41789,160,79
genECert,216.437896,160,80
genECert,208.778654,160,81
genECert,204.020843,160,82
genECert,207.35216,160,83
genECert,207.949945,160,84
genECert,225.421054,160,85
genECert,210.380738,160,86
genECert,212.70416,160,87
genECert,216.633461,160,88
genECert,225.831563,160,89
genECert,235.29275,160,90
genECert,222.584845,160,91
genECert,209.533351,160,92
genECert,209.907104,160,93
genECert,200.273324,160,94
genECert,219.179117,160,95
genECert,208.595073,160,96
genECert,193.036877,160,97
genECert,236.955062,160,98
genECert,206.307709,160,99
genECert,293.904914,320,0
genECert,292.017203,320,1
genECert,295.146371,320,2
genECert,285.835476,320,3
genECert,269.715802,320,4
genECert,276.375259,320,5
genECert,284.602346,320,6
genECert,285.031434,320,7
genECert,291.774491,320,8
genECert,292.971164,320,9
genECert,303.208554,320,10
genECert,300.107353,320,11
genECert,289.736423,320,12
genECert,299.272848,320,13
genECert,284.360609,320,14
genECert,303.459902,320,15
genECert,319.870526,320,16
genECert,316.917848,320,17
genECert,316.333345,320,18
genECert,287.895468,320,19
genECert,295.688573,320,20
genECert,326.716959,320,21
genECert,304.566781,320,22
genECert,312.621772,320,23
genECert,296.088295,320,24
genECert,307.997888,320,25
genECert,308.027553,320,26
genECert,293.070939,320,27
genECert,314.694582,320,28
genECert,295.57514,320,29
genECert,292.5969,320,30
genECert,300.313575,320,31
genECert,324.280822,320,32
genECert,313.830615,320,33
genECert,300.062175,320,34
genECert,283.704231,320,35
genECert,282.55121,320,36
genECert,292.080417,320,37
genECert,298.479068,320,38
genECert,287.005584,320,39
genECert,309.123742,320,40
genECert,293.625068,320,41
genECert,296.109778,320,42
genECert,333.385362,320,43
genECert,298.582919,320,44
genECert,294.769483,320,45
genECert,281.813291,320,46
genECert,304.208885,320,47
genECert,291.404611,320,48
genECert,298.377763,320,49
genECert,291.820412,320,50
genECert,296.017789,320,51
genECert,294.254499,320,52
genECert,334.403044,320,53
genECert,304.942842,320,54
genECert,313.962175,320,55
genECert,328.470831,320,56
genECert,302.089967,320,57
genECert,277.487079,320,58
genECert,301.037925,320,59
genECert,278.381809,320,60
genECert,303.586079,320,61
genECert,301.747876,320,62
genECert,286.965049,320,63
genECert,288.464556,320,64
genECert,304.229211,320,65
genECert,288.241523,320,66
genECert,295.855521,320,67
genECert,296.989665,320,68
genECert,321.575074,320,69
genECert,285.293647,320,70
genECert,282.975718,320,71
genECert,284.225624,320,72
genECert,280.438851,320,73
genECert,280.061801,320,74
genECert,290.499823,320,75
genECert,283.926281,320,76
genECert,296.848833,320,77
genECert,301.558802,320,78
genECert,292.437507,320,79
genECert,287.020383,320,80
genECert,336.165144,320,81
genECert,293.798209,320,82
genECert,302.684687,320,83
genECert,289.756142,320,84
genECert,282.513199,320,85
genECert,316.422466,320,86
genECert,297.514866,320,87
genECert,285.598211,320,88
genECert,286.329038,320,89
genECert,301.223634,320,90
genECert,299.192561,320,91
genECert,295.233693,320,92
genECert,305.88646,320,93
genECert,309.973574,320,94
genECert,301.467841,320,95
genECert,303.272084,320,96
genECert,288.340533,320,97
genECert,275.389714,320,98
genECert,330.688113,320,99
genECert,374.770159,480,0
genECert,369.078646,480,1
genECert,364.003497,480,2
genECert,372.107035,480,3
genECert,387.994891,480,4
genECert,375.596175,480,5
genECert,378.411205,480,6
genECert,362.889609,480,7
genECert,384.001237,480,8
genECert,379.785064,480,9
genECert,370.358304,480,10
genECert,384.260328,480,11
genECert,379.729131,480,12
genECert,361.980394,480,13
genECert,354.324622,480,14
genECert,365.498499,480,15
genECert,372.443918,480,16
genECert,383.175222,480,17
genECert,378.444462,480,18
genECert,380.936691,480,19
genECert,373.321171,480,20
genECert,377.242396,480,21
genECert,389.169175,480,22
genECert,376.196244,480,23
genECert,368.329123,480,24
genECert,382.585325,480,25
genECert,376.854958,480,26
genECert,363.879929,480,27
genECert,366.734625,480,28
genECert,366.824917,480,29
genECert,363.755077,480,30
genECert,364.370144,480,31
genECert,370.702094,480,32
genECert,355.558151,480,33
genECert,360.696324,480,34
genECert,363.922977,480,35
genECert,372.907864,480,36
genECert,382.75732,480,37
genECert,378.542646,480,38
genECert,398.098828,480,39
genECert,373.761946,480,40
genECert,376.091868,480,41
genECert,381.425209,480,42
genECert,380.989828,480,43
genECert,395.039475,480,44
genECert,366.987523,480,45
genECert,354.909125,480,46
genECert,380.136346,480,47
genECert,367.255104,480,48
genECert,383.932819,480,49
genECert,367.407123,480,50
genECert,365.272968,480,51
genECert,365.079798,480,52
genECert,364.54134,480,53
genECert,367.488027,480,54
genECert,367.498814,480,55
genECert,360.422551,480,56
genECert,379.130944,480,57
genECert,362.875426,480,58
genECert,369.755622,480,59
genECert,365.700258,480,60
genECert,379.541055,480,61
genECert,355.976952,480,62
genECert,369.342016,480,63
genECert,372.190919,480,64
genECert,377.186662,480,65
genECert,367.550352,480,66
genECert,374.288018,480,67
genECert,381.209566,480,68
genECert,379.621159,480,69
genECert,375.883217,480,70
genECert,359.866015,480,71
genECert,354.134249,480,72
genECert,366.279867,480,73
genECert,384.038692,480,74
genECert,362.697039,480,75
genECert,370.968776,480,76
genECert,369.348509,480,77
genECert,377.069702,480,78
genECert,365.508287,480,79
genECert,372.931536,480,80
genECert,365.264977,480,81
genECert,372.663756,480,82
genECert,694.954472,480,83
genECert,559.245585,480,84
genECert,808.879334,480,85
genECert,371.446806,480,86
genECert,369.923622,480,87
genECert,359.017526,480,88
genECert,391.123046,480,89
genECert,378.638531,480,90
genECert,371.053276,480,91
genECert,373.748362,480,92
genECert,371.75434,480,93
genECert,368.518597,480,94
genECert,365.218533,480,95
genECert,373.532719,480,96
genECert,373.685038,480,97
genECert,374.792817,480,98
genECert,367.435889,480,99
genECert,473.644402,640,0
genECert,481.017713,640,1
genECert,489.621157,640,2
genECert,496.965503,640,3
genECert,462.373638,640,4
genECert,466.108984,640,5
genECert,471.880605,640,6
genECert,471.948524,640,7
genECert,460.468109,640,8
genECert,495.238162,640,9
genECert,475.255282,640,10
genECert,474.683664,640,11
genECert,476.463242,640,12
genECert,474.470917,640,13
genECert,452.100284,640,14
genECert,469.062564,640,15
genECert,475.237204,640,16
genECert,469.629388,640,17
genECert,488.258382,640,18
genECert,461.21352,640,19
genECert,490.812837,640,20
genECert,464.6704,640,21
genECert,484.709912,640,22
genECert,492.824139,640,23
genECert,442.893758,640,24
genECert,484.860533,640,25
genECert,472.759457,640,26
genECert,481.229161,640,27
genECert,484.432143,640,28
genECert,467.82364,640,29
genECert,461.967321,640,30
genECert,486.194742,640,31
genECert,483.655369,640,32
genECert,472.229489,640,33
genECert,488.094278,640,34
genECert,472.771642,640,35
genECert,474.317699,640,36
genECert,475.797636,640,37
genECert,483.44482,640,38
genECert,489.654118,640,39
genECert,474.274651,640,40
genECert,481.340228,640,41
genECert,493.83094,640,42
genECert,474.715026,640,43
genECert,473.170167,640,44
genECert,488.059019,640,45
genECert,475.853769,640,46
genECert,475.267668,640,47
genECert,460.624522,640,48
genECert,490.000606,640,49
genECert,487.272557,640,50
genECert,466.58222,640,51
genECert,475.674482,640,52
genECert,485.833873,640,53
genECert,455.775003,640,54
genECert,481.156747,640,55
genECert,480.247631,640,56
genECert,475.696256,640,57
genECert,476.474529,640,58
genECert,466.49043,640,59
genECert,468.613799,640,60
genECert,486.944149,640,61
genECert,480.523103,640,62
genECert,461.21302,640,63
genECert,461.814404,640,64
genECert,474.519459,640,65
genECert,476.811627,640,66
genECert,461.175067,640,67
genECert,457.105518,640,68
genECert,470.670347,640,69
genECert,488.593782,640,70
genECert,441.099897,640,71
genECert,470.410857,640,72
genECert,461.036331,640,73
genECert,467.079128,640,74
genECert,478.129956,640,75
genECert,472.538421,640,76
genECert,486.989594,640,77
genECert,471.072968,640,78
genECert,486.830884,640,79
genECert,470.71869,640,80
genECert,483.65477,640,81
genECert,489.87126,640,82
genECert,473.178757,640,83
genECert,471.079859,640,84
genECert,487.012167,640,85
genECert,488.692664,640,86
genECert,473.181055,640,87
genECert,484.907277,640,88
genECert,512.228809,640,89
genECert,484.135097,640,90
genECert,513.593482,640,91
genECert,510.435646,640,92
genECert,480.199389,640,93
genECert,515.053941,640,94
genECert,462.221319,640,95
genECert,477.1691,640,96
genECert,474.272654,640,97
genECert,492.87398,640,98
genECert,485.167866,640,99
genOCert,3110.1061059999997,160,0
genOCert,3070.528231,160,1
genOCert,3090.689224,160,2
genOCert,3089.166244,160,3
genOCert,3086.516912,160,4
genOCert,3083.136954,160,5
genOCert,3081.658821,160,6
genOCert,3060.8118489999997,160,7
genOCert,3104.009182,160,8
genOCert,3095.1962869999998,160,9
genOCert,3117.158816,160,10
genOCert,3103.617714,160,11
genOCert,3102.256143,160,12
genOCert,3089.313625,160,13
genOCert,3075.320063,160,14
genOCert,3090.232526,160,15
genOCert,3081.570387,160,16
genOCert,3086.294836,160,17
genOCert,3184.627312,160,18
genOCert,3092.9595640000002,160,19
genOCert,3085.3986080000004,160,20
genOCert,3060.530155,160,21
genOCert,3087.944362,160,22
genOCert,3070.083727,160,23
genOCert,3040.251112,160,24
genOCert,3088.528164,160,25
genOCert,3082.902493,160,26
genOCert,3089.119856,160,27
genOCert,3103.904372,160,28
genOCert,3098.806918,160,29
genOCert,3066.9694719999998,160,30
genOCert,3083.310726,160,31
genOCert,3086.604087,160,32
genOCert,3106.5083809999996,160,33
genOCert,3104.985901,160,34
genOCert,3082.7920459999996,160,35
genOCert,3114.8736750000003,160,36
genOCert,3110.935885,160,37
genOCert,3082.812023,160,38
genOCert,3081.197155,160,39
genOCert,3067.070052,160,40
genOCert,3094.8473280000003,160,41
genOCert,3205.4125839999997,160,42
genOCert,3118.565159,160,43
genOCert,3088.294265,160,44
genOCert,3076.103147,160,45
genOCert,3056.3534689999997,160,46
genOCert,3116.2456340000003,160,47
genOCert,3085.8783550000003,160,48
genOCert,3110.272179,160,49
genOCert,3092.54919,160,50
genOCert,3101.89727,160,51
genOCert,3104.1531729999997,160,52
genOCert,3106.7149120000004,160,53
genOCert,3069.8044219999997,160,54
genOCert,3087.5747859999997,160,55
genOCert,3139.648653,160,56
genOCert,3052.21015,160,57
genOCert,3096.624371,160,58
genOCert,3062.466793,160,59
genOCert,3074.432092,160,60
genOCert,3104.59075,160,61
genOCert,3124.0904459999997,160,62
genOCert,3107.237987,160,63
genOCert,3176.759602,160,64
genOCert,3057.2851600000004,160,65
genOCert,3113.866589,160,66
genOCert,3088.017104,160,67
genOCert,3129.417092,160,68
genOCert,3194.646178,160,69
genOCert,3105.624346,160,70
genOCert,3078.216326,160,71
genOCert,3064.6801149999997,160,72
genOCert,3093.109215,160,73
genOCert,3092.375992,160,74
genOCert,3100.2039290000002,160,75
genOCert,3100.862142,160,76
genOCert,3110.717755,160,77
genOCert,3086.704674,160,78
genOCert,3118.451406,160,79
genOCert,3109.771986,160,80
genOCert,3061.427505,160,81
genOCert,3075.9553309999997,160,82
genOCert,3090.0055270000003,160,83
genOCert,3082.219638,160,84
genOCert,3090.195999,160,85
genOCert,3109.371166,160,86
genOCert,3053.375435,160,87
genOCert,3100.306008,160,88
genOCert,3091.382479,160,89
genOCert,3078.746592,160,90
genOCert,3105.8850350000002,160,91
genOCert,3071.859129,160,92
genOCert,3134.486229,160,93
genOCert,3107.245109,160,94
genOCert,3093.829454,160,95
genOCert,3078.452444,160,96
genOCert,3089.406043,160,97
genOCert,3119.3193680000004,160,98
genOCert,3101.367338,160,99
genOCert,7589.2127120000005,320,0
genOCert,7561.138433,320,1
genOCert,7529.477882,320,2
genOCert,8929.783329,320,3
genOCert,7928.421529,320,4
genOCert,7527.138097,320,5
genOCert,7594.930146000001,320,6
genOCert,7470.775017,320,7
genOCert,7456.235172000001,320,8
genOCert,7476.279372,320,9
genOCert,7460.147138,320,10
genOCert,7520.139493000001,320,11
genOCert,7473.084107,320,12
genOCert,7466.012076,320,13
genOCert,7468.982436,320,14
genOCert,7513.5595,320,15
genOCert,7555.6626209999995,320,16
genOCert,7489.668994,320,17
genOCert,7451.8776210000005,320,18
genOCert,7468.877118,320,19
genOCert,7506.894313,320,20
genOCert,7507.5534849999995,320,21
genOCert,7472.2131660000005,320,22
genOCert,7456.305668999999,320,23
genOCert,7519.344864,320,24
genOCert,7409.469617,320,25
genOCert,7452.175202,320,26
genOCert,7567.965783,320,27
genOCert,7462.806702,320,28
genOCert,7503.811609,320,29
genOCert,7479.541292000001,320,30
genOCert,7517.161495,320,31
genOCert,7464.311117,320,32
genOCert,7464.638526,320,33
genOCert,7539.737031,320,34
genOCert,7537.539156,320,35
genOCert,7498.088974,320,36
genOCert,7490.454592,320,37
genOCert,7512.522178,320,38
genOCert,7482.141784,320,39
genOCert,7433.216716999999,320,40
genOCert,7463.253742,320,41
genOCert,7463.278713000001,320,42
genOCert,7424.042874000001,320,43
genOCert,7586.152161,320,44
genOCert,7453.564316,320,45
genOCert,7420.749207,320,46
genOCert,7473.016482,320,47
genOCert,7495.303365,320,48
genOCert,7442.171122999999,320,49
genOCert,7432.006163,320,50
genOCert,7465.741072,320,51
genOCert,7483.488875,320,52
genOCert,7455.748407,320,53
genOCert,7508.501002,320,54
genOCert,7454.8096319999995,320,55
genOCert,7483.8361190000005,320,56
genOCert,7479.408514,320,57
genOCert,7481.011396999999,320,58
genOCert,7493.8341629999995,320,59
genOCert,7505.999416,320,60
genOCert,7507.155633,320,61
genOCert,7505.978755,320,62
genOCert,7469.133646,320,63
genOCert,7457.302279,320,64
genOCert,7471.766701,320,65
genOCert,7426.936151999999,320,66
genOCert,7477.464694,320,67
genOCert,7478.307788,320,68
genOCert,7459.026519,320,69
genOCert,7469.69997,320,70
genOCert,7511.650759,320,71
genOCert,7468.2971450000005,320,72
genOCert,7496.211322,320,73
genOCert,7473.919591,320,74
genOCert,7484.603227,320,75
genOCert,7449.598843999999,320,76
genOCert,7564.355655,320,77
genOCert,7579.537518,320,78
genOCert,7598.428250999999,320,79
genOCert,7489.0093640000005,320,80
genOCert,7489.794726,320,81
genOCert,7447.858324,320,82
genOCert,7450.490879,320,83
genOCert,7548.268672,320,84
genOCert,7476.219642,320,85
genOCert,7479.2556159999995,320,86
genOCert,7469.435746,320,87
genOCert,7474.908109,320,88
genOCert,7443.103703000001,320,89
genOCert,7498.0880179999995,320,90
genOCert,7557.9445129999995,320,91
genOCert,7472.798729,320,92
genOCert,7511.9251890000005,320,93
genOCert,7514.190382,320,94
genOCert,7547.026256,320,95
genOCert,7472.583586,320,96
genOCert,7471.193048,320,97
genOCert,7444.548877,320,98
genOCert,7519.863306,320,99
genOCert,14175.763761,480,0
genOCert,14099.868655,480,1
genOCert,13959.515205000002,480,2
genOCert,14074.876155,480,3
genOCert,14080.463393,480,4
genOCert,14191.201954,480,5
genOCert,14010.648536,480,6
genOCert,13959.803961,480,7
genOCert,14035.425694000001,480,8
genOCert,14151.036944,480,9
genOCert,14065.09282,480,10
genOCert,14051.169122,480,11
genOCert,14002.458202,480,12
genOCert,14178.463543,480,13
genOCert,14073.60587,480,14
genOCert,14310.320552000001,480,15
genOCert,14088.494981,480,16
genOCert,13980.497718,480,17
genOCert,14061.652678,480,18
genOCert,14220.46327,480,19
genOCert,14098.497457000001,480,20
genOCert,14130.625958999999,480,21
genOCert,14207.683603,480,22
genOCert,14298.081746,480,23
genOCert,14231.389246,480,24
genOCert,13980.787273,480,25
genOCert,14223.189719,480,26
genOCert,14380.772076,480,27
genOCert,14097.326254,480,28
genOCert,14007.213672,480,29
genOCert,14185.510934,480,30
genOCert,14267.537955,480,31
genOCert,13979.612872,480,32
genOCert,14182.325131000001,480,33
genOCert,14091.002492,480,34
genOCert,14197.4801,480,35
genOCert,14310.40666,480,36
genOCert,14170.267848,480,37
genOCert,14151.14245,480,38
genOCert,14255.90654,480,39
genOCert,14154.859519,480,40
genOCert,13875.317216,480,41
genOCert,13868.400063,480,42
genOCert,14144.349949000001,480,43
genOCert,13807.222805,480,44
genOCert,13686.537697,480,45
genOCert,13621.69361,480,46
genOCert,13726.631094,480,47
genOCert,13638.480195,480,48
genOCert,14190.991938,480,49
genOCert,13995.989539,480,50
genOCert,14017.216829,480,51
genOCert,14028.67598,480,52
genOCert,13989.003585,480,53
genOCert,13984.64864,480,54
genOCert,14010.614801,480,55
genOCert,13834.440754,480,56
genOCert,14034.161927,480,57
genOCert,14028.853111,480,58
genOCert,14153.848799000001,480,59
genOCert,14123.442133999999,480,60
genOCert,13987.158228,480,61
genOCert,14109.230225,480,62
genOCert,13962.352849,480,63
genOCert,14143.350767,480,64
genOCert,13917.104567999999,480,65
genOCert,13849.280989,480,66
genOCert,13950.230394,480,67
genOCert,14132.661804,480,68
genOCert,14110.051047,480,69
genOCert,14013.892974999999,480,70
genOCert,13915.657872,480,71
genOCert,14012.902203,480,72
genOCert,14058.95403,480,73
genOCert,13862.525182000001,480,74
genOCert,13955.795519000001,480,75
genOCert,14072.467793,480,76
genOCert,14025.16555,480,77
genOCert,14097.158576,480,78
genOCert,13904.926104,480,79
genOCert,14092.688669,480,80
genOCert,13978.495936,480,81
genOCert,14012.068937,480,82
genOCert,14101.36665,480,83
genOCert,14160.364895,480,84
genOCert,14142.806908,480,85
genOCert,14112.256704,480,86
genOCert,14114.981958,480,87
genOCert,14132.515370000001,480,88
genOCert,14164.496049,480,89
genOCert,14241.196236,480,90
genOCert,14384.057821,480,91
genOCert,14184.985583,480,92
genOCert,14263.824251999999,480,93
genOCert,14058.279951999999,480,94
genOCert,13839.310088999999,480,95
genOCert,13879.026855999999,480,96
genOCert,13844.874916,480,97
genOCert,13747.524477,480,98
genOCert,13838.650380000001,480,99
genOCert,23282.184869999997,640,0
genOCert,23372.229571,640,1
genOCert,23231.253224,640,2
genOCert,22955.717483,640,3
genOCert,22804.36071,640,4
genOCert,22926.336006999998,640,5
genOCert,22833.110439,640,6
genOCert,22884.928168,640,7
genOCert,22793.142583,640,8
genOCert,23019.975781999998,640,9
genOCert,23116.544465,640,10
genOCert,23687.816136999998,640,11
genOCert,25624.563142,640,12
genOCert,23650.538823000003,640,13
genOCert,23489.364497,640,14
genOCert,24428.872668,640,15
genOCert,24099.511474,640,16
genOCert,23017.906541999997,640,17
genOCert,22950.252339,640,18
genOCert,22946.562607,640,19
genOCert,23538.062951,640,20
genOCert,23201.625078,640,21
genOCert,23511.199954,640,22
genOCert,22910.511212999998,640,23
genOCert,23093.428188,640,24
genOCert,22904.002571,640,25
genOCert,23430.279383999998,640,26
genOCert,23460.44363,640,27
genOCert,23047.397354,640,28
genOCert,23167.333297999998,640,29
genOCert,22980.146912,640,30
genOCert,22712.818348999997,640,31
genOCert,23764.286171,640,32
genOCert,23394.141851,640,33
genOCert,23107.537721,640,34
genOCert,23021.33018,640,35
genOCert,23146.817299,640,36
genOCert,23056.585156,640,37
genOCert,22971.771853,640,38
genOCert,22899.249999,640,39
genOCert,23161.30543,640,40
genOCert,22969.989678,640,41
genOCert,22874.763087000003,640,42
genOCert,22883.088064,640,43
genOCert,24305.994115,640,44
genOCert,23886.731237,640,45
genOCert,24351.366345,640,46
genOCert,23150.776642,640,47
genOCert,23701.103642,640,48
genOCert,22943.383708999998,640,49
genOCert,23147.29909,640,50
genOCert,22984.901526,640,51
genOCert,23341.706691,640,52
genOCert,23089.883265,640,53
genOCert,23069.030321,640,54
genOCert,23016.907031,640,55
genOCert,23118.357601,640,56
genOCert,23075.828897,640,57
genOCert,23037.518166,640,58
genOCert,23107.058970000002,640,59
genOCert,22941.839219999998,640,60
genOCert,23142.973059,640,61
genOCert,23182.757433,640,62
genOCert,23190.45356,640,63
genOCert,23308.801981999997,640,64
genOCert,22908.777331,640,65
genOCert,22968.318155999998,640,66
genOCert,23343.830212,640,67
genOCert,23087.865259000002,640,68
genOCert,23179.927704,640,69
genOCert,23038.218892,640,70
genOCert,22966.096995,640,71
genOCert,24212.488359000003,640,72
genOCert,24678.048124,640,73
genOCert,23353.178959,640,74
genOCert,23002.405971999997,640,75
genOCert,23106.417087,640,76
genOCert,22990.137028,640,77
genOCert,23013.124044,640,78
genOCert,22917.951451,640,79
genOCert,22897.60878,640,80
genOCert,23239.714027,640,81
genOCert,23028.27183,640,82
genOCert,23035.267095,640,83
genOCert,23340.872079,640,84
genOCert,23241.405351,640,85
genOCert,22996.938402,640,86
genOCert,22973.175301000003,640,87
genOCert,23162.722641999997,640,88
genOCert,23163.740012000002,640,89
genOCert,23157.929125,640,90
genOCert,23087.647173,640,91
genOCert,23051.871818,640,92
genOCert,23031.486709,640,93
genOCert,23248.53937,640,94
genOCert,23157.59942,640,95
genOCert,22911.187467,640,96
genOCert,23074.979685,640,97
genOCert,22937.638881000003,640,98
genOCert,23078.308305,640,99
genProof,235.777171,160,0
genProof,232.269764,160,1
genProof,235.505895,160,2
genProof,234.413202,160,3
genProof,233.398715,160,4
genProof,232.378635,160,5
genProof,234.945565,160,6
genProof,231.634724,160,7
genProof,237.579116,160,8
genProof,242.173617,160,9
genProof,236.503499,160,10
genProof,237.837104,160,11
genProof,242.27969,160,12
genProof,229.853854,160,13
genProof,235.539952,160,14
genProof,242.316146,160,15
genProof,236.795251,160,16
genProof,235.066219,160,17
genProof,232.938863,160,18
genProof,241.299862,160,19
genProof,239.163817,160,20
genProof,232.600268,160,21
genProof,236.736321,160,22
genProof,233.705447,160,23
genProof,236.779369,160,24
genProof,234.481818,160,25
genProof,236.478429,160,26
genProof,235.026066,160,27
genProof,246.506634,160,28
genProof,244.474564,160,29
genProof,233.552453,160,30
genProof,229.839395,160,31
genProof,238.736952,160,32
genProof,242.269327,160,33
genProof,233.587611,160,34
genProof,233.775687,160,35
genProof,238.066454,160,36
genProof,248.399695,160,37
genProof,231.873062,160,38
genProof,241.862214,160,39
genProof,235.122475,160,40
genProof,239.550779,160,41
genProof,241.039298,160,42
genProof,237.372484,160,43
genProof,230.375054,160,44
genProof,234.044465,160,45
genProof,233.267894,160,46
genProof,237.963777,160,47
genProof,237.420427,160,48
genProof,248.02704,160,49
genProof,242.701385,160,50
genProof,240.165183,160,51
genProof,231.070051,160,52
genProof,237.388101,160,53
genProof,233.125096,160,54
genProof,232.597626,160,55
genProof,233.818966,160,56
genProof,234.881396,160,57
genProof,244.398822,160,58
genProof,232.504537,160,59
genProof,244.021773,160,60
genProof,235.793707,160,61
genProof,239.331179,160,62
genProof,242.537547,160,63
genProof,241.198148,160,64
genProof,232.461588,160,65
genProof,235.819565,160,66
genProof,252.907029,160,67
genProof,232.502232,160,68
genProof,233.177326,160,69
genProof,234.968383,160,70
genProof,236.563876,160,71
genProof,240.776737,160,72
genProof,234.382085,160,73
genProof,234.156254,160,74
genProof,248.217638,160,75
genProof,234.514426,160,76
genProof,231.839126,160,77
genProof,238.660468,160,78
genProof,232.324646,160,79
genProof,248.019474,160,80
genProof,232.419532,160,81
genProof,235.751546,160,82
genProof,229.877672,160,83
genProof,236.892282,160,84
genProof,238.638694,160,85
genProof,234.301681,160,86
genProof,232.996742,160,87
genProof,230.207477,160,88
genProof,236.962898,160,89
genProof,238.952818,160,90
genProof,233.964284,160,91
genProof,234.587938,160,92
genProof,236.892781,160,93
genProof,235.650767,160,94
genProof,235.597231,160,95
genProof,231.061156,160,96
genProof,234.348325,160,97
genProof,242.932059,160,98
genProof,247.583896,160,99
genProof,624.910416,320,0
genProof,634.674731,320,1
genProof,630.002423,320,2
genProof,823.267059,320,3
genProof,663.801829,320,4
genProof,664.15311,320,5
genProof,630.266301,320,6
genProof,634.346965,320,7
genProof,616.362754,320,8
genProof,616.131995,320,9
genProof,616.690527,320,10
genProof,614.193709,320,11
genProof,617.783922,320,12
genProof,626.519328,320,13
genProof,616.276936,320,14
genProof,645.058634,320,15
genProof,626.143743,320,16
genProof,624.869364,320,17
genProof,622.022402,320,18
genProof,629.80191,320,19
genProof,613.266859,320,20
genProof,621.592416,320,21
genProof,619.877117,320,22
genProof,632.212682,320,23
genProof,613.921532,320,24
genProof,619.038219,320,25
genProof,622.940558,320,26
genProof,632.014318,320,27
genProof,614.786098,320,28
genProof,609.903631,320,29
genProof,640.340782,320,30
genProof,633.613636,320,31
genProof,613.410167,320,32
genProof,612.280616,320,33
genProof,632.494073,320,34
genProof,616.55551,320,35
genProof,627.41484,320,36
genProof,622.330812,320,37
genProof,618.084084,320,38
genProof,620.510999,320,39
genProof,620.022283,320,40
genProof,618.554736,320,41
genProof,614.948243,320,42
genProof,629.641794,320,43
genProof,623.326337,320,44
genProof,623.354203,320,45
genProof,613.734692,320,46
genProof,621.097099,320,47
genProof,627.502649,320,48
genProof,619.147528,320,49
genProof,613.245577,320,50
genProof,628.872612,320,51
genProof,626.845633,320,52
genProof,626.281508,320,53
genProof,617.233214,320,54
genProof,620.715955,320,55
genProof,629.203273,320,56
genProof,616.090753,320,57
genProof,620.586477,320,58
genProof,613.552688,320,59
genProof,611.336539,320,60
genProof,615.434738,320,61
genProof,614.544702,320,62
genProof,622.080119,320,63
genProof,614.471208,320,64
genProof,630.788018,320,65
genProof,609.186021,320,66
genProof,622.194583,320,67
genProof,624.042675,320,68
genProof,625.696899,320,69
genProof,621.724544,320,70
genProof,631.535924,320,71
genProof,615.35655,320,72
genProof,616.184261,320,73
genProof,627.875934,320,74
genProof,621.466191,320,75
genProof,620.953403,320,76
genProof,613.611274,320,77
genProof,629.583194,320,78
genProof,624.769845,320,79
genProof,623.680246,320,80
genProof,615.606292,320,81
genProof,616.197485,320,82
genProof,617.900351,320,83
genProof,618.845022,320,84
genProof,624.311692,320,85
genProof,624.896993,320,86
genProof,616.093908,320,87
genProof,608.583481,320,88
genProof,608.934262,320,89
genProof,631.084601,320,90
genProof,625.61044,320,91
genProof,619.75044,320,92
genProof,629.873048,320,93
genProof,622.165157,320,94
genProof,628.59028,320,95
genProof,617.213072,320,96
genProof,612.660511,320,97
genProof,622.985976,320,98
genProof,617.437404,320,99
genProof,1194.037992,480,0
genProof,1191.0653360000001,480,1
genProof,1193.060657,480,2
genProof,1201.301831,480,3
genProof,1209.2000130000001,480,4
genProof,1216.451967,480,5
genProof,1179.264207,480,6
genProof,1194.343827,480,7
genProof,1200.723021,480,8
genProof,1216.883352,480,9
genProof,1182.349728,480,10
genProof,1221.6982110000001,480,11
genProof,1174.720425,480,12
genProof,1181.740055,480,13
genProof,1178.131558,480,14
genProof,1203.204862,480,15
genProof,1194.172701,480,16
genProof,1172.048174,480,17
genProof,1199.0556800000002,480,18
genProof,1176.881313,480,19
genProof,1193.992615,480,20
genProof,1204.926782,480,21
genProof,1232.2993529999999,480,22
genProof,1215.097858,480,23
genProof,1230.052631,480,24
genProof,1207.371967,480,25
genProof,1196.704383,480,26
genProof,1208.9232180000001,480,27
genProof,1191.9118959999998,480,28
genProof,1178.491693,480,29
genProof,1212.0608770000001,480,30
genProof,1194.896538,480,31
genProof,1183.537678,480,32
genProof,1192.361659,480,33
genProof,1203.8275919999999,480,34
genProof,1193.050039,480,35
genProof,1215.140792,480,36
genProof,1183.885858,480,37
genProof,1194.722137,480,38
genProof,1220.2884549999999,480,39
genProof,1294.1861470000001,480,40
genProof,1180.727523,480,41
genProof,1190.4979739999999,480,42
genProof,1176.725295,480,43
genProof,1159.0252990000001,480,44
genProof,1165.4539340000001,480,45
genProof,1177.0024640000001,480,46
genProof,1170.2743870000002,480,47
genProof,1165.365739,480,48
genProof,1138.680356,480,49
genProof,1170.537873,480,50
genProof,1201.997064,480,51
genProof,1201.331856,480,52
genProof,1172.106874,480,53
genProof,1172.749713,480,54
genProof,1181.95951,480,55
genProof,1196.8162229999998,480,56
genProof,1176.9636240000002,480,57
genProof,1169.426447,480,58
genProof,1173.9779589999998,480,59
genProof,1177.862952,480,60
genProof,1185.7661289999999,480,61
genProof,1189.801498,480,62
genProof,1207.04485,480,63
genProof,1237.02942,480,64
genProof,1227.734895,480,65
genProof,1193.481113,480,66
genProof,1203.221705,480,67
genProof,1179.882017,480,68
genProof,1199.186315,480,69
genProof,1187.908653,480,70
genProof,1174.621503,480,71
genProof,1202.2018400000002,480,72
genProof,1197.4822629999999,480,73
genProof,1191.074698,480,74
genProof,1201.5442229999999,480,75
genProof,1193.081548,480,76
genProof,1196.5956609999998,480,77
genProof,1183.017639,480,78
genProof,1199.519278,480,79
genProof,1188.23663,480,80
genProof,1187.379766,480,81
genProof,1187.774795,480,82
genProof,1193.803113,480,83
genProof,1210.904139,480,84
genProof,1227.867167,480,85
genProof,1213.19245,480,86
genProof,1209.544196,480,87
genProof,1204.1286479999999,480,88
genProof,1208.9355209999999,480,89
genProof,1194.1540420000001,480,90
genProof,1191.484946,480,91
genProof,1247.449275,480,92
genProof,1190.396644,480,93
genProof,1179.166882,480,94
genProof,1186.190738,480,95
genProof,1201.598331,480,96
genProof,1162.957136,480,97
genProof,1211.927534,480,98
genProof,1172.609169,480,99
genProof,1957.568323,640,0
genProof,1962.915867,640,1
genProof,1962.463706,640,2
genProof,1933.681217,640,3
genProof,1927.343672,640,4
genProof,1933.0007289999999,640,5
genProof,1957.655239,640,6
genProof,1949.886399,640,7
genProof,1918.303848,640,8
genProof,1964.267156,640,9
genProof,1952.868045,640,10
genProof,2060.815264,640,11
genProof,2438.3985159999997,640,12
genProof,2234.1029790000002,640,13
genProof,2072.415665,640,14
genProof,1976.456021,640,15
genProof,2386.161767,640,16
genProof,1998.474782,640,17
genProof,2021.2050929999998,640,18
genProof,1953.344556,640,19
genProof,2067.7969319999997,640,20
genProof,1955.431768,640,21
genProof,2051.090147,640,22
genProof,1949.389759,640,23
genProof,2063.257336,640,24
genProof,1929.743376,640,25
genProof,2024.353607,640,26
genProof,1940.098633,640,27
genProof,1987.652552,640,28
genProof,1949.966171,640,29
genProof,2063.7706239999998,640,30
genProof,1939.7483499999998,640,31
genProof,2086.035486,640,32
genProof,1957.7077439999998,640,33
genProof,1952.605603,640,34
genProof,1953.442106,640,35
genProof,1976.8906559999998,640,36
genProof,1924.9735409999998,640,37
genProof,1947.479813,640,38
genProof,1934.908598,640,39
genProof,1999.762592,640,40
genProof,1949.57102,640,41
genProof,1934.677972,640,42
genProof,1935.1361259999999,640,43
genProof,1934.452342,640,44
genProof,2033.78032,640,45
genProof,1961.012114,640,46
genProof,1963.988065,640,47
genProof,2140.706884,640,48
genProof,1968.6070550000002,640,49
genProof,1968.739996,640,50
genProof,1948.054569,640,51
genProof,2023.2333979999999,640,52
genProof,1982.726981,640,53
genProof,1984.7771380000001,640,54
genProof,1945.050991,640,55
genProof,1944.4415310000002,640,56
genProof,1980.008734,640,57
genProof,1969.614524,640,58
genProof,1948.6922650000001,640,59
genProof,1973.548036,640,60
genProof,1958.7218090000001,640,61
genProof,1953.57834,640,62
genProof,1945.8083020000001,640,63
genProof,1970.824881,640,64
genProof,1948.590187,640,65
genProof,1948.4177920000002,640,66
genProof,1930.6573629999998,640,67
genProof,1965.5896129999999,640,68
genProof,2003.530322,640,69
genProof,1959.823081,640,70
genProof,1964.749413,640,71
genProof,1992.6368969999999,640,72
genProof,2190.674414,640,73
genProof,1962.2983789999998,640,74
genProof,1982.769579,640,75
genProof,1976.319232,640,76
genProof,1958.1540719999998,640,77
genProof,1969.6926210000001,640,78
genProof,1950.478989,640,79
genProof,1956.835218,640,80
genProof,1956.48583,640,81
genProof,1977.230411,640,82
genProof,1971.002331,640,83
genProof,2006.841819,640,84
genProof,1967.71552,640,85
genProof,1968.443354,640,86
genProof,1965.5886030000001,640,87
genProof,2076.756198,640,88
genProof,1958.015922,640,89
genProof,1988.978942,640,90
genProof,1958.866624,640,91
genProof,1974.8771080000001,640,92
genProof,1985.2932489999998,640,93
genProof,1999.30486,640,94
genProof,2029.6261430000002,640,95
genProof,1967.986153,640,96
genProof,1954.004908,640,97
genProof,1963.6634390000002,640,98
genProof,1947.919793,640,99
verifyProof,2646.0205339999998,160,0
verifyProof,2619.9271350000004,160,1
verifyProof,2627.910089,160,2
verifyProof,2635.8887489999997,160,3
verifyProof,2640.870692,160,4
verifyProof,2626.6891490000003,160,5
verifyProof,2638.144951,160,6
verifyProof,2608.462544,160,7
verifyProof,2640.344913,160,8
verifyProof,2618.383442,160,9
verifyProof,2651.529293,160,10
verifyProof,2620.4847290000002,160,11
verifyProof,2642.689468,160,12
verifyProof,2641.2247190000003,160,13
verifyProof,2606.892287,160,14
verifyProof,2624.4092339999997,160,15
verifyProof,2621.349793,160,16
verifyProof,2612.807512,160,17
verifyProof,2702.128967,160,18
verifyProof,2614.9679269999997,160,19
verifyProof,2619.90652,160,20
verifyProof,2615.926581,160,21
verifyProof,2615.803128,160,22
verifyProof,2622.638952,160,23
verifyProof,2598.586622,160,24
verifyProof,2623.4453869999998,160,25
verifyProof,2633.008947,160,26
verifyProof,2609.3986889999996,160,27
verifyProof,2642.566515,160,28
verifyProof,2614.2546279999997,160,29
verifyProof,2619.1005569999998,160,30
verifyProof,2612.682334,160,31
verifyProof,2630.849604,160,32
verifyProof,2623.431177,160,33
verifyProof,2640.620518,160,34
verifyProof,2620.649104,160,35
verifyProof,2619.464721,160,36
verifyProof,2622.807523,160,37
verifyProof,2644.1762639999997,160,38
verifyProof,2615.4512219999997,160,39
verifyProof,2609.148561,160,40
verifyProof,2638.924047,160,41
verifyProof,2734.1715240000003,160,42
verifyProof,2643.242881,160,43
verifyProof,2614.422153,160,44
verifyProof,2648.409302,160,45
verifyProof,2614.138991,160,46
verifyProof,2630.8964490000003,160,47
verifyProof,2616.528634,160,48
verifyProof,2619.058408,160,49
verifyProof,2612.555574,160,50
verifyProof,2623.58729,160,51
verifyProof,2628.743728,160,52
verifyProof,2636.23078,160,53
verifyProof,2608.6855990000004,160,54
verifyProof,2627.477541,160,55
verifyProof,2667.334609,160,56
verifyProof,2611.230258,160,57
verifyProof,2639.2110190000003,160,58
verifyProof,2610.7940799999997,160,59
verifyProof,2613.870303,160,60
verifyProof,2620.1483,160,61
verifyProof,2631.363996,160,62
verifyProof,2644.4186950000003,160,63
verifyProof,2708.870469,160,64
verifyProof,2625.462835,160,65
verifyProof,2673.705611,160,66
verifyProof,2622.9390270000004,160,67
verifyProof,2657.328099,160,68
verifyProof,2717.632676,160,69
verifyProof,2623.819873,160,70
verifyProof,2623.796202,160,71
verifyProof,2613.349995,160,72
verifyProof,2660.481227,160,73
verifyProof,2622.414754,160,74
verifyProof,2614.861187,160,75
verifyProof,2635.430387,160,76
verifyProof,2639.2419299999997,160,77
verifyProof,2626.4562210000004,160,78
verifyProof,2647.426041,160,79
verifyProof,2615.206275,160,80
verifyProof,2625.184242,160,81
verifyProof,2626.388901,160,82
verifyProof,2637.365573,160,83
verifyProof,2631.9608369999996,160,84
verifyProof,2642.5012309999997,160,85
verifyProof,2645.683125,160,86
verifyProof,2610.047945,160,87
verifyProof,2654.4532360000003,160,88
verifyProof,2617.6881070000004,160,89
verifyProof,2622.325161,160,90
verifyProof,2630.1591919999996,160,91
verifyProof,2611.950069,160,92
verifyProof,2637.361478,160,93
verifyProof,2663.329621,160,94
verifyProof,2637.2975539999998,160,95
verifyProof,2625.3596319999997,160,96
verifyProof,2628.7877320000002,160,97
verifyProof,2652.292121,160,98
verifyProof,2626.200227,160,99
verifyProof,6595.158852,320,0
verifyProof,6618.949297,320,1
verifyProof,6605.998826999999,320,2
verifyProof,7745.658093,320,3
verifyProof,6872.761058,320,4
verifyProof,6574.021267,320,5
verifyProof,6628.055854,320,6
verifyProof,6536.22684,320,7
verifyProof,6540.370862,320,8
verifyProof,6563.79699,320,9
verifyProof,6521.148421999999,320,10
verifyProof,6600.718597,320,11
verifyProof,6540.719138,320,12
verifyProof,6544.270187,320,13
verifyProof,6546.753428,320,14
verifyProof,6540.284776,320,15
verifyProof,6623.749585,320,16
verifyProof,6556.172648999999,320,17
verifyProof,6528.2884890000005,320,18
verifyProof,6539.785357000001,320,19
verifyProof,6584.158362,320,20
verifyProof,6589.079946,320,21
verifyProof,6563.786639,320,22
verifyProof,6527.871442000001,320,23
verifyProof,6608.924120000001,320,24
verifyProof,6510.541344,320,25
verifyProof,6546.898612999999,320,26
verifyProof,6641.606677999999,320,27
verifyProof,6534.414126,320,28
verifyProof,6589.340102,320,29
verifyProof,6529.773286000001,320,30
verifyProof,6554.453516,320,31
verifyProof,6560.417892,320,32
verifyProof,6525.71424,320,33
verifyProof,6590.974396,320,34
verifyProof,6596.947363,320,35
verifyProof,6560.384831,320,36
verifyProof,6553.952713000001,320,37
verifyProof,6585.739391,320,38
verifyProof,6554.603979,320,39
verifyProof,6519.208952999999,320,40
verifyProof,6544.990661,320,41
verifyProof,6553.448958,320,42
verifyProof,6525.59133,320,43
verifyProof,6662.730938000001,320,44
verifyProof,6524.346816,320,45
verifyProof,6518.194364,320,46
verifyProof,6564.094744,320,47
verifyProof,6560.558168,320,48
verifyProof,6538.086207,320,49
verifyProof,6536.984922000001,320,50
verifyProof,6535.22872,320,51
verifyProof,6538.377557999999,320,52
verifyProof,6525.237253,320,53
verifyProof,6569.254281,320,54
verifyProof,6551.605587,320,55
verifyProof,6543.983235,320,56
verifyProof,6548.0371860000005,320,57
verifyProof,6566.238221,320,58
verifyProof,6588.15661,320,59
verifyProof,6586.283151,320,60
verifyProof,6594.626474,320,61
verifyProof,6593.602393,320,62
verifyProof,6561.832227,320,63
verifyProof,6512.742665,320,64
verifyProof,6575.697564,320,65
verifyProof,6510.177129,320,66
verifyProof,6569.710616,320,67
verifyProof,6550.488377,320,68
verifyProof,6537.93667,320,69
verifyProof,6547.300485,320,70
verifyProof,6542.342207,320,71
verifyProof,6540.903926,320,72
verifyProof,6568.8354819999995,320,73
verifyProof,6540.367021,320,74
verifyProof,6567.235423,320,75
verifyProof,6530.995515,320,76
verifyProof,6648.805378,320,77
verifyProof,6619.650807,320,78
verifyProof,6652.814488999999,320,79
verifyProof,6559.984485,320,80
verifyProof,6554.8972619999995,320,81
verifyProof,6532.315638,320,82
verifyProof,6561.8895090000005,320,83
verifyProof,6622.625453000001,320,84
verifyProof,6536.428325,320,85
verifyProof,6563.949149,320,86
verifyProof,6555.152457,320,87
verifyProof,6550.222546999999,320,88
verifyProof,6539.621411,320,89
verifyProof,6551.205572,320,90
verifyProof,6596.5095519999995,320,91
verifyProof,6550.450874,320,92
verifyProof,6566.482323,320,93
verifyProof,6577.105832,320,94
verifyProof,6602.431977,320,95
verifyProof,6550.723848,320,96
verifyProof,6556.657160000001,320,97
verifyProof,6528.467436,320,98
verifyProof,6615.659075,320,99
verifyProof,12606.238881,480,0
verifyProof,12533.312734000001,480,1
verifyProof,12389.713854,480,2
verifyProof,12490.851163000001,480,3
verifyProof,12477.673575,480,4
verifyProof,12583.303928,480,5
verifyProof,12445.026602,480,6
verifyProof,12369.528822,480,7
verifyProof,12446.354719,480,8
verifyProof,12530.491698,480,9
verifyProof,12491.082088000001,480,10
verifyProof,12451.594671,480,11
verifyProof,12447.443021,480,12
verifyProof,12601.202186,480,13
verifyProof,12515.69544,480,14
verifyProof,12692.806786000001,480,15
verifyProof,12533.97253,480,16
verifyProof,12449.506018,480,17
verifyProof,12494.040230999999,480,18
verifyProof,12668.782233,480,19
verifyProof,12526.536495,480,20
verifyProof,12571.539748,480,21
verifyProof,12604.328264,480,22
verifyProof,12695.624735000001,480,23
verifyProof,12618.528336000001,480,24
verifyProof,12394.056515,480,25
verifyProof,12631.268950000001,480,26
verifyProof,12760.921199,480,27
verifyProof,12521.680483,480,28
verifyProof,12435.094197,480,29
verifyProof,12603.468888,480,30
verifyProof,12701.584331,480,31
verifyProof,12410.824527,480,32
verifyProof,12591.389587,480,33
verifyProof,12501.802778,480,34
verifyProof,12633.360593000001,480,35
verifyProof,12729.705823,480,36
verifyProof,12602.908404000002,480,37
verifyProof,12598.998464999999,480,38
verifyProof,12628.522964,480,39
verifyProof,12457.698037,480,40
verifyProof,12325.852336,480,41
verifyProof,12304.310321,480,42
verifyProof,12584.129493,480,43
verifyProof,12285.905864,480,44
verifyProof,12150.574519,480,45
verifyProof,12062.495136000001,480,46
verifyProof,12188.371054,480,47
verifyProof,12101.912139,480,48
verifyProof,12678.15249,480,49
verifyProof,12424.918819,480,50
verifyProof,12421.550536,480,51
verifyProof,12442.695334,480,52
verifyProof,12445.149881000001,480,53
verifyProof,12429.404719,480,54
verifyProof,12444.097825,480,55
verifyProof,12260.082361,480,56
verifyProof,12509.584004,480,57
verifyProof,12460.507599999999,480,58
verifyProof,12615.032494,480,59
verifyProof,12590.806172,480,60
verifyProof,12424.697517,480,61
verifyProof,12543.582098,480,62
verifyProof,12407.44802,480,63
verifyProof,12493.240487,480,64
verifyProof,12305.561631,480,65
verifyProof,12282.83641,480,66
verifyProof,12370.424237,480,67
verifyProof,12572.281697999999,480,68
verifyProof,12566.039837,480,69
verifyProof,12465.499683999999,480,70
verifyProof,12362.299745,480,71
verifyProof,12449.296287,480,72
verifyProof,12490.517869,480,73
verifyProof,12291.714749,480,74
verifyProof,12387.536645999999,480,75
verifyProof,12506.870764000001,480,76
verifyProof,12474.355403000001,480,77
verifyProof,12511.170342,480,78
verifyProof,12300.272508,480,79
verifyProof,12560.517405,480,80
verifyProof,12437.184841,480,81
verifyProof,12457.964784,480,82
verifyProof,12546.30184,480,83
verifyProof,12568.831135,480,84
verifyProof,12527.862491,480,85
verifyProof,12506.222072,480,86
verifyProof,12493.994839,480,87
verifyProof,12555.748668,480,88
verifyProof,12580.701189,480,89
verifyProof,12663.608877,480,90
verifyProof,12801.390703,480,91
verifyProof,12570.153682,480,92
verifyProof,12672.759684,480,93
verifyProof,12501.441832999999,480,94
verifyProof,12269.98394,480,95
verifyProof,12290.704941,480,96
verifyProof,12298.443528,480,97
verifyProof,12187.018432,480,98
verifyProof,12287.832693,480,99
verifyProof,20858.323682000002,640,0
verifyProof,20948.047565,640,1
verifyProof,20798.032694,640,2
verifyProof,20563.749774,640,3
verifyProof,20423.86263,640,4
verifyProof,20537.439838000002,640,5
verifyProof,20396.182227,640,6
verifyProof,20469.3549,640,7
verifyProof,20413.359451,640,8
verifyProof,20595.617487,640,9
verifyProof,20722.695100999998,640,10
verifyProof,21137.144406,640,11
verifyProof,22677.968952,640,12
verifyProof,20855.580125,640,13
verifyProof,20901.301938,640,14
verifyProof,21968.154050999998,640,15
verifyProof,21125.149176,640,16
verifyProof,20554.019601,640,17
verifyProof,20487.439521,640,18
verifyProof,20564.409781,640,19
verifyProof,20994.238932999997,640,20
verifyProof,20786.741466,640,21
verifyProof,20978.105645,640,22
verifyProof,20507.443208,640,23
verifyProof,20577.419900999997,640,24
verifyProof,20522.765945,640,25
verifyProof,20911.653816000002,640,26
verifyProof,21067.468496,640,27
verifyProof,20601.807033,640,28
verifyProof,20746.758460999998,640,29
verifyProof,20435.756854,640,30
verifyProof,20333.838634,640,31
verifyProof,21205.032229,640,32
verifyProof,20958.400791,640,33
verifyProof,20705.369095,640,34
verifyProof,20614.500909,640,35
verifyProof,20701.550846,640,36
verifyProof,20679.529595999997,640,37
verifyProof,20572.282234,640,38
verifyProof,20505.478264,640,39
verifyProof,20671.339658,640,40
verifyProof,20547.072684,640,41
verifyProof,20474.505183,640,42
verifyProof,20493.658952,640,43
verifyProof,21896.929524,640,44
verifyProof,21399.331468,640,45
verifyProof,21944.396745,640,46
verifyProof,20725.445143,640,47
verifyProof,21032.752204,640,48
verifyProof,20505.146003,640,49
verifyProof,20727.071002999997,640,50
verifyProof,20567.746062000002,640,51
verifyProof,20823.12515,640,52
verifyProof,20659.548633,640,53
verifyProof,20622.757988,640,54
verifyProof,20620.454413,640,55
verifyProof,20717.412444,640,56
verifyProof,20650.980135,640,57
verifyProof,20615.612094,640,58
verifyProof,20691.906748,640,59
verifyProof,20523.99191,640,60
verifyProof,20738.161011,640,61
verifyProof,20762.684277999997,640,62
verifyProof,20804.775703,640,63
verifyProof,20879.38866,640,64
verifyProof,20510.803132,640,65
verifyProof,20587.004795999997,640,66
verifyProof,20958.642658999997,640,67
verifyProof,20660.951822000003,640,68
verifyProof,20717.177852,640,69
verifyProof,20636.585144,640,70
verifyProof,20534.267814,640,71
verifyProof,21767.336394,640,72
verifyProof,22001.276450999998,640,73
verifyProof,20908.919145,640,74
verifyProof,20552.734837,640,75
verifyProof,20662.512235000002,640,76
verifyProof,20565.29513,640,77
verifyProof,20560.377193,640,78
verifyProof,20511.466686,640,79
verifyProof,20493.43756,640,80
verifyProof,20831.623035,640,81
verifyProof,20597.724205,640,82
verifyProof,20606.407852,640,83
verifyProof,20762.164591,640,84
verifyProof,20825.002846,640,85
verifyProof,20561.274536999998,640,86
verifyProof,20539.413312,640,87
verifyProof,20610.983768000002,640,88
verifyProof,20733.848821,640,89
verifyProof,20721.525331999997,640,90
verifyProof,20651.138305,640,91
verifyProof,20604.114917,640,92
verifyProof,20542.831531,640,93
verifyProof,20667.395659,640,94
verifyProof,20636.031847000002,640,95
verifyProof,20479.933602999998,640,96
verifyProof,20657.516891,640,97
verifyProof,20504.737434,640,98
verifyProof,20614.063597,640,99
